{"loss":{"0":0.6203376651,"1":0.4682322741,"2":0.3838603795,"3":0.3219324648,"4":0.2653088272,"5":0.2169813812,"6":0.1763076186,"7":0.1578021497,"8":0.126045838,"9":0.1101164669},"accuracy":{"0":0.6579365134,"1":0.7825396657,"2":0.8293650746,"3":0.8587301373,"4":0.8936507702,"5":0.9190475941,"6":0.9428571463,"7":0.9492063522,"8":0.9587301612,"9":0.9619047642},"val_loss":{"0":0.6020771861,"1":0.5409529805,"2":0.5110017061,"3":0.4965405464,"4":0.5155558586,"5":0.4923687577,"6":0.5145726204,"7":0.4788378179,"8":0.5312705636,"9":0.5857363343},"val_accuracy":{"0":0.7214285731,"1":0.7428571582,"2":0.7928571701,"3":0.8000000119,"4":0.7642857432,"5":0.8071428537,"6":0.7928571701,"7":0.8142856956,"8":0.8142856956,"9":0.7714285851}}