{"loss":{"0":0.5817437768},"accuracy":{"0":0.7103174329},"val_loss":{"0":0.4659752846},"val_accuracy":{"0":0.8000000119}}